stationId,stationName,channelID,channelName,unit,active,typeId
2.0,AVNE ETAN,1.0,Rain,mm,1.0,1.0
2.0,AVNE ETAN,2.0,WSmax,m/sec,1.0,5.0
2.0,AVNE ETAN,3.0,WDmax,deg,1.0,23.0
2.0,AVNE ETAN,4.0,WS,m/sec,1.0,4.0
2.0,AVNE ETAN,5.0,WD,deg,1.0,22.0
2.0,AVNE ETAN,6.0,STDwd,deg,1.0,3.0
2.0,AVNE ETAN,7.0,TD,degC,1.0,32.0
2.0,AVNE ETAN,8.0,RH,%,1.0,27.0
2.0,AVNE ETAN,9.0,TDmax,degC,1.0,41.0
2.0,AVNE ETAN,10.0,TDmin,degC,1.0,42.0
2.0,AVNE ETAN,11.0,TG,degC,1.0,33.0
2.0,AVNE ETAN,17.0,WS1mm,m/sec,1.0,6.0
2.0,AVNE ETAN,18.0,Ws10mm,m/sec,1.0,144.0
2.0,AVNE ETAN,19.0,Time,hhmm,1.0,102.0
6.0,BET ZAYDA,1.0,Rain,mm,1.0,1.0
6.0,BET ZAYDA,2.0,WSmax,m/sec,1.0,5.0
6.0,BET ZAYDA,3.0,WDmax,deg,1.0,23.0
6.0,BET ZAYDA,4.0,WS,m/sec,1.0,4.0
6.0,BET ZAYDA,5.0,WD,deg,1.0,22.0
6.0,BET ZAYDA,6.0,STDwd,deg,1.0,3.0
6.0,BET ZAYDA,7.0,TD,degC,1.0,32.0
6.0,BET ZAYDA,8.0,RH,%,1.0,27.0
6.0,BET ZAYDA,9.0,TDmax,degC,1.0,41.0
6.0,BET ZAYDA,10.0,TDmin,degC,1.0,42.0
6.0,BET ZAYDA,11.0,TG,degC,1.0,33.0
6.0,BET ZAYDA,14.0,WS1mm,m/sec,1.0,6.0
6.0,BET ZAYDA,15.0,Ws10mm,m/sec,1.0,144.0
6.0,BET ZAYDA,16.0,Time,hhmm,1.0,102.0
8.0,ZEMAH,1.0,WS,m/sec,1.0,4.0
8.0,ZEMAH,3.0,WD,deg,1.0,22.0
8.0,ZEMAH,4.0,STDwd,deg,1.0,3.0
8.0,ZEMAH,5.0,Grad,w/m2,1.0,52.0
8.0,ZEMAH,6.0,RH,%,1.0,27.0
8.0,ZEMAH,7.0,Rain,mm,1.0,1.0
8.0,ZEMAH,8.0,WSmax,m/sec,1.0,5.0
8.0,ZEMAH,9.0,WDmax,deg,1.0,23.0
8.0,ZEMAH,10.0,WS1mm,m/sec,1.0,6.0
8.0,ZEMAH,11.0,Ws10mm,m/sec,1.0,144.0
8.0,ZEMAH,12.0,Time,hhmm,1.0,102.0
8.0,ZEMAH,14.0,TG,degC,1.0,33.0
8.0,ZEMAH,17.0,TD,degC,1.0,32.0
8.0,ZEMAH,20.0,TDmax,degC,1.0,41.0
8.0,ZEMAH,21.0,TDmin,degC,1.0,42.0
9.0,ZEMAH 20020703,1.0,T-.1m,degC,1.0,48.0
9.0,ZEMAH 20020703,2.0,TG,degC,1.0,33.0
9.0,ZEMAH 20020703,3.0,T.5m,degC,1.0,54.0
9.0,ZEMAH 20020703,4.0,TW,degC,1.0,31.0
9.0,ZEMAH 20020703,5.0,TD,degC,1.0,32.0
9.0,ZEMAH 20020703,6.0,Td6m,degC,1.0,126.0
9.0,ZEMAH 20020703,7.0,T12m,degC,1.0,106.0
10.0,MEROM GOLAN PICMAN,1.0,Rain,mm,1.0,1.0
10.0,MEROM GOLAN PICMAN,2.0,WSmax,m/sec,1.0,5.0
10.0,MEROM GOLAN PICMAN,3.0,WDmax,deg,1.0,23.0
10.0,MEROM GOLAN PICMAN,4.0,WS,m/sec,1.0,4.0
10.0,MEROM GOLAN PICMAN,5.0,WD,deg,1.0,22.0
10.0,MEROM GOLAN PICMAN,6.0,STDwd,deg,1.0,3.0
10.0,MEROM GOLAN PICMAN,7.0,RH,%,1.0,27.0
10.0,MEROM GOLAN PICMAN,8.0,TD,degC,1.0,32.0
10.0,MEROM GOLAN PICMAN,9.0,TDmax,degC,1.0,41.0
10.0,MEROM GOLAN PICMAN,10.0,TDmin,degC,1.0,42.0
10.0,MEROM GOLAN PICMAN,11.0,WS1mm,m/sec,1.0,6.0
10.0,MEROM GOLAN PICMAN,13.0,Ws10mm,m/sec,1.0,144.0
10.0,MEROM GOLAN PICMAN,14.0,Time,hhmm,1.0,102.0
10.0,MEROM GOLAN PICMAN,15.0,TG,degC,1.0,33.0
10.0,MEROM GOLAN PICMAN,16.0,Grad,w/m2,1.0,52.0
11.0,YAVNEEL,1.0,Rain,mm,1.0,1.0
11.0,YAVNEEL,2.0,WSmax,m/sec,1.0,5.0
11.0,YAVNEEL,3.0,WDmax,deg,1.0,23.0
11.0,YAVNEEL,4.0,WS,m/sec,1.0,4.0
11.0,YAVNEEL,5.0,WD,deg,1.0,22.0
11.0,YAVNEEL,6.0,STDwd,deg,1.0,3.0
11.0,YAVNEEL,7.0,RH,%,1.0,27.0
11.0,YAVNEEL,8.0,TD,degC,1.0,32.0
11.0,YAVNEEL,9.0,TDmax,degC,1.0,41.0
11.0,YAVNEEL,10.0,TDmin,degC,1.0,42.0
11.0,YAVNEEL,11.0,TG,degC,1.0,33.0
11.0,YAVNEEL,12.0,Grad,w/m2,0.0,52.0
11.0,YAVNEEL,18.0,WS1mm,m/sec,1.0,6.0
11.0,YAVNEEL,20.0,Ws10mm,m/sec,1.0,144.0
11.0,YAVNEEL,21.0,Time,hhmm,1.0,102.0
13.0,TAVOR KADOORIE,1.0,Rain,mm,1.0,1.0
13.0,TAVOR KADOORIE,2.0,WSmax,m/sec,1.0,5.0
13.0,TAVOR KADOORIE,3.0,WDmax,deg,1.0,23.0
13.0,TAVOR KADOORIE,4.0,WS,m/sec,1.0,4.0
13.0,TAVOR KADOORIE,5.0,WD,deg,1.0,22.0
13.0,TAVOR KADOORIE,6.0,STDwd,deg,1.0,3.0
13.0,TAVOR KADOORIE,7.0,TD,degC,1.0,32.0
13.0,TAVOR KADOORIE,8.0,RH,%,1.0,27.0
13.0,TAVOR KADOORIE,9.0,TDmax,degC,1.0,41.0
13.0,TAVOR KADOORIE,10.0,TDmin,degC,1.0,42.0
13.0,TAVOR KADOORIE,11.0,TG,degC,1.0,33.0
13.0,TAVOR KADOORIE,17.0,Grad,w/m2,1.0,52.0
13.0,TAVOR KADOORIE,18.0,WS1mm,m/sec,1.0,6.0
13.0,TAVOR KADOORIE,19.0,Ws10mm,m/sec,1.0,144.0
13.0,TAVOR KADOORIE,20.0,Time,hhmm,1.0,102.0
16.0,AFULA NIR HAEMEQ,1.0,Rain,mm,1.0,1.0
16.0,AFULA NIR HAEMEQ,2.0,WSmax,m/sec,1.0,5.0
16.0,AFULA NIR HAEMEQ,3.0,WDmax,deg,1.0,23.0
16.0,AFULA NIR HAEMEQ,4.0,WS,m/sec,1.0,4.0
16.0,AFULA NIR HAEMEQ,5.0,WD,deg,1.0,22.0
16.0,AFULA NIR HAEMEQ,6.0,STDwd,deg,1.0,3.0
16.0,AFULA NIR HAEMEQ,7.0,RH,%,1.0,27.0
16.0,AFULA NIR HAEMEQ,8.0,TD,degC,1.0,32.0
16.0,AFULA NIR HAEMEQ,9.0,TDmax,degC,1.0,41.0
16.0,AFULA NIR HAEMEQ,10.0,TDmin,degC,1.0,42.0
16.0,AFULA NIR HAEMEQ,12.0,TG,degC,1.0,33.0
17.0,TEL YOSEF 20060907,1.0,Rain,mm,1.0,1.0
17.0,TEL YOSEF 20060907,2.0,WSmax,m/sec,1.0,5.0
17.0,TEL YOSEF 20060907,3.0,WDmax,deg,1.0,23.0
17.0,TEL YOSEF 20060907,4.0,WS,m/sec,1.0,4.0
17.0,TEL YOSEF 20060907,5.0,WD,deg,1.0,22.0
17.0,TEL YOSEF 20060907,6.0,STDwd,deg,1.0,3.0
17.0,TEL YOSEF 20060907,7.0,RH,%,1.0,27.0
17.0,TEL YOSEF 20060907,8.0,TD,degC,1.0,32.0
17.0,TEL YOSEF 20060907,9.0,TDmax,degC,1.0,41.0
17.0,TEL YOSEF 20060907,10.0,TDmin,degC,1.0,42.0
17.0,TEL YOSEF 20060907,11.0,TG,degC,0.0,33.0
17.0,TEL YOSEF 20060907,14.0,Grad,w/m2,0.0,52.0
18.0,EDEN FARM 20080706,1.0,WS,m/sec,1.0,4.0
18.0,EDEN FARM 20080706,2.0,WSV,m/sec,0.0,19.0
18.0,EDEN FARM 20080706,3.0,WD,deg,1.0,22.0
18.0,EDEN FARM 20080706,4.0,STDwd,deg,1.0,3.0
18.0,EDEN FARM 20080706,5.0,WS3.5m,m/sec,0.0,9.0
18.0,EDEN FARM 20080706,6.0,Licor,w/m2,0.0,150.0
18.0,EDEN FARM 20080706,7.0,Grad,w/m2,1.0,52.0
18.0,EDEN FARM 20080706,8.0,TD10m,degC,0.0,44.0
18.0,EDEN FARM 20080706,9.0,TD,degC,1.0,32.0
18.0,EDEN FARM 20080706,10.0,RH,%,1.0,27.0
18.0,EDEN FARM 20080706,11.0,T.5m,degC,0.0,54.0
18.0,EDEN FARM 20080706,12.0,TG,degC,0.0,33.0
18.0,EDEN FARM 20080706,13.0,T-.1m,degC,0.0,48.0
18.0,EDEN FARM 20080706,14.0,T-.2m,degC,0.0,49.0
18.0,EDEN FARM 20080706,15.0,T-.5m,degC,0.0,37.0
18.0,EDEN FARM 20080706,16.0,Rain,mm,1.0,1.0
18.0,EDEN FARM 20080706,17.0,Vbatt,volt,0.0,2.0
18.0,EDEN FARM 20080706,18.0,TT,degC,0.0,248.0
18.0,EDEN FARM 20080706,19.0,TW,degC,1.0,31.0
18.0,EDEN FARM 20080706,20.0,EVAP,mm,0.0,62.0
18.0,EDEN FARM 20080706,21.0,WSmax,m/sec,1.0,5.0
18.0,EDEN FARM 20080706,22.0,WS3.5m,m/sec,0.0,9.0
18.0,EDEN FARM 20080706,23.0,STAB,_,0.0,138.0
20.0,QARNE SHOMERON,1.0,Rain,mm,1.0,1.0
20.0,QARNE SHOMERON,2.0,WSmax,m/sec,1.0,5.0
20.0,QARNE SHOMERON,3.0,WDmax,deg,1.0,23.0
20.0,QARNE SHOMERON,4.0,WS,m/sec,1.0,4.0
20.0,QARNE SHOMERON,5.0,WD,deg,1.0,22.0
20.0,QARNE SHOMERON,6.0,STDwd,deg,1.0,3.0
20.0,QARNE SHOMERON,7.0,RH,%,1.0,27.0
20.0,QARNE SHOMERON,8.0,TD,degC,1.0,32.0
20.0,QARNE SHOMERON,9.0,TDmax,degC,1.0,41.0
20.0,QARNE SHOMERON,10.0,TDmin,degC,1.0,42.0
20.0,QARNE SHOMERON,11.0,WS1mm,m/sec,1.0,6.0
20.0,QARNE SHOMERON,13.0,Ws10mm,m/sec,1.0,144.0
20.0,QARNE SHOMERON,14.0,Time,hhmm,1.0,102.0
21.0,ARIEL,1.0,Rain,mm,1.0,1.0
21.0,ARIEL,2.0,WSmax,m/sec,1.0,5.0
21.0,ARIEL,3.0,WDmax,deg,1.0,23.0
21.0,ARIEL,4.0,WS,m/sec,1.0,4.0
21.0,ARIEL,5.0,WD,deg,1.0,22.0
21.0,ARIEL,6.0,STDwd,deg,1.0,3.0
21.0,ARIEL,7.0,TD,degC,1.0,32.0
21.0,ARIEL,8.0,RH,%,1.0,27.0
21.0,ARIEL,9.0,TDmax,degC,1.0,41.0
21.0,ARIEL,10.0,TDmin,degC,1.0,42.0
21.0,ARIEL,11.0,WS1mm,m/sec,1.0,6.0
21.0,ARIEL,12.0,Ws10mm,m/sec,1.0,144.0
21.0,ARIEL,13.0,Time,hhmm,1.0,102.0
22.0,JERUSALEM GIVAT RAM,1.0,Rain,mm,1.0,1.0
22.0,JERUSALEM GIVAT RAM,2.0,WSmax,m/sec,1.0,5.0
22.0,JERUSALEM GIVAT RAM,3.0,WDmax,deg,1.0,23.0
22.0,JERUSALEM GIVAT RAM,4.0,WS,m/sec,1.0,4.0
22.0,JERUSALEM GIVAT RAM,5.0,WD,deg,1.0,22.0
22.0,JERUSALEM GIVAT RAM,6.0,STDwd,deg,1.0,3.0
22.0,JERUSALEM GIVAT RAM,7.0,TD,degC,1.0,32.0
22.0,JERUSALEM GIVAT RAM,8.0,RH,%,1.0,27.0
22.0,JERUSALEM GIVAT RAM,9.0,TDmax,degC,1.0,41.0
22.0,JERUSALEM GIVAT RAM,10.0,TDmin,degC,1.0,42.0
22.0,JERUSALEM GIVAT RAM,11.0,Grad,w/m2,1.0,52.0
22.0,JERUSALEM GIVAT RAM,12.0,DiffR,w/m2,1.0,77.0
22.0,JERUSALEM GIVAT RAM,17.0,WS1mm,m/sec,1.0,6.0
22.0,JERUSALEM GIVAT RAM,18.0,Ws10mm,m/sec,1.0,144.0
22.0,JERUSALEM GIVAT RAM,19.0,Time,hhmm,1.0,102.0
22.0,JERUSALEM GIVAT RAM,20.0,NIP,w/m2,1.0,79.0
23.0,JERUSALEM CENTRE,1.0,Rain,mm,1.0,1.0
23.0,JERUSALEM CENTRE,2.0,WSmax,m/sec,1.0,5.0
23.0,JERUSALEM CENTRE,3.0,WDmax,deg,1.0,23.0
23.0,JERUSALEM CENTRE,4.0,WS,m/sec,1.0,4.0
23.0,JERUSALEM CENTRE,5.0,WD,deg,1.0,22.0
23.0,JERUSALEM CENTRE,6.0,STDwd,deg,1.0,3.0
23.0,JERUSALEM CENTRE,7.0,TD,degC,1.0,32.0
23.0,JERUSALEM CENTRE,9.0,TDmax,degC,1.0,41.0
23.0,JERUSALEM CENTRE,10.0,TDmin,degC,1.0,42.0
23.0,JERUSALEM CENTRE,12.0,WS1mm,m/sec,1.0,6.0
23.0,JERUSALEM CENTRE,13.0,Ws10mm,m/sec,1.0,144.0
23.0,JERUSALEM CENTRE,14.0,Time,hhmm,1.0,102.0
23.0,JERUSALEM CENTRE,17.0,BP,mb,1.0,84.0
23.0,JERUSALEM CENTRE,18.0,RH,%,1.0,27.0
24.0,HAR HARASHA,1.0,Rain,mm,1.0,1.0
24.0,HAR HARASHA,2.0,WSmax,m/sec,1.0,5.0
24.0,HAR HARASHA,3.0,WDmax,deg,1.0,23.0
24.0,HAR HARASHA,4.0,WS,m/sec,1.0,4.0
24.0,HAR HARASHA,5.0,WD,deg,1.0,22.0
24.0,HAR HARASHA,6.0,STDwd,deg,1.0,3.0
24.0,HAR HARASHA,7.0,TD,degC,1.0,32.0
24.0,HAR HARASHA,8.0,RH,%,1.0,27.0
24.0,HAR HARASHA,9.0,TDmax,degC,1.0,41.0
24.0,HAR HARASHA,10.0,TDmin,degC,1.0,42.0
24.0,HAR HARASHA,11.0,WS1mm,m/sec,1.0,6.0
24.0,HAR HARASHA,12.0,Ws10mm,m/sec,1.0,144.0
24.0,HAR HARASHA,13.0,Time,hhmm,1.0,102.0
25.0,NETIV HALAMED HE,1.0,Rain,mm,1.0,1.0
25.0,NETIV HALAMED HE,2.0,WSmax,m/sec,1.0,5.0
25.0,NETIV HALAMED HE,3.0,WDmax,deg,1.0,23.0
25.0,NETIV HALAMED HE,4.0,WS,m/sec,1.0,4.0
25.0,NETIV HALAMED HE,5.0,WD,deg,1.0,22.0
25.0,NETIV HALAMED HE,6.0,STDwd,deg,1.0,3.0
25.0,NETIV HALAMED HE,7.0,RH,%,1.0,27.0
25.0,NETIV HALAMED HE,8.0,TD,degC,1.0,32.0
25.0,NETIV HALAMED HE,9.0,TDmax,degC,1.0,41.0
25.0,NETIV HALAMED HE,10.0,TDmin,degC,1.0,42.0
25.0,NETIV HALAMED HE,11.0,TG,degC,1.0,33.0
25.0,NETIV HALAMED HE,13.0,WS1mm,m/sec,1.0,6.0
25.0,NETIV HALAMED HE,14.0,Ws10mm,m/sec,1.0,144.0
25.0,NETIV HALAMED HE,15.0,Time,hhmm,1.0,102.0
28.0,SHANI,1.0,Rain,mm,1.0,1.0
28.0,SHANI,2.0,WSmax,m/sec,1.0,5.0
28.0,SHANI,3.0,WDmax,deg,1.0,23.0
28.0,SHANI,4.0,WS,m/sec,1.0,4.0
28.0,SHANI,5.0,WD,deg,1.0,22.0
28.0,SHANI,6.0,STDwd,deg,1.0,3.0
28.0,SHANI,7.0,TD,degC,1.0,32.0
28.0,SHANI,8.0,RH,%,1.0,27.0
28.0,SHANI,10.0,TDmax,degC,1.0,41.0
28.0,SHANI,11.0,TDmin,degC,1.0,42.0
28.0,SHANI,12.0,TG,degC,1.0,33.0
28.0,SHANI,14.0,Grad,w/m2,0.0,52.0
28.0,SHANI,15.0,WS1mm,m/sec,1.0,6.0
28.0,SHANI,17.0,Ws10mm,m/sec,1.0,144.0
28.0,SHANI,18.0,Time,hhmm,1.0,102.0
29.0,ARAD,1.0,Rain,mm,1.0,1.0
29.0,ARAD,2.0,WSmax,m/sec,1.0,5.0
29.0,ARAD,3.0,WDmax,deg,1.0,23.0
29.0,ARAD,4.0,WS,m/sec,1.0,4.0
29.0,ARAD,5.0,WD,deg,1.0,22.0
29.0,ARAD,6.0,STDwd,deg,1.0,3.0
29.0,ARAD,7.0,RH,%,1.0,27.0
29.0,ARAD,8.0,TD,degC,1.0,32.0
29.0,ARAD,10.0,TDmax,degC,1.0,41.0
29.0,ARAD,11.0,TDmin,degC,1.0,42.0
29.0,ARAD,12.0,Grad,w/m2,1.0,52.0
29.0,ARAD,13.0,DiffR,w/m2,1.0,77.0
29.0,ARAD,14.0,NIP,w/m2,1.0,79.0
29.0,ARAD,15.0,WS1mm,m/sec,1.0,6.0
29.0,ARAD,17.0,Ws10mm,m/sec,1.0,144.0
29.0,ARAD,18.0,Time,hhmm,1.0,102.0
30.0,GILGAL,1.0,Rain,mm,1.0,1.0
30.0,GILGAL,2.0,WSmax,m/sec,1.0,5.0
30.0,GILGAL,3.0,WDmax,deg,1.0,23.0
30.0,GILGAL,4.0,WS,m/sec,1.0,4.0
30.0,GILGAL,5.0,WD,deg,1.0,22.0
30.0,GILGAL,6.0,STDwd,deg,1.0,3.0
30.0,GILGAL,7.0,TD,degC,1.0,32.0
30.0,GILGAL,8.0,RH,%,1.0,27.0
30.0,GILGAL,9.0,TDmax,degC,1.0,41.0
30.0,GILGAL,10.0,TDmin,degC,1.0,42.0
30.0,GILGAL,11.0,TG,degC,1.0,33.0
30.0,GILGAL,16.0,WS1mm,m/sec,1.0,6.0
30.0,GILGAL,17.0,Grad,w/m2,0.0,52.0
30.0,GILGAL,19.0,Ws10mm,m/sec,1.0,144.0
30.0,GILGAL,20.0,Time,hhmm,1.0,102.0
32.0,NEWE ZOHAR UNI,4.0,TD,degC,1.0,32.0
32.0,NEWE ZOHAR UNI,16.0,RH,%,1.0,27.0
33.0,HAZEVA,1.0,WSmax,m/sec,1.0,5.0
33.0,HAZEVA,2.0,WDmax,deg,1.0,23.0
33.0,HAZEVA,3.0,WS,m/sec,1.0,4.0
33.0,HAZEVA,4.0,WD,deg,1.0,22.0
33.0,HAZEVA,5.0,STDwd,deg,1.0,3.0
33.0,HAZEVA,7.0,TD,degC,1.0,32.0
33.0,HAZEVA,8.0,TDmax,degC,1.0,41.0
33.0,HAZEVA,9.0,TDmin,degC,1.0,42.0
33.0,HAZEVA,10.0,TG,degC,1.0,33.0
33.0,HAZEVA,14.0,Grad,w/m2,1.0,52.0
33.0,HAZEVA,15.0,NIP,w/m2,1.0,79.0
33.0,HAZEVA,16.0,DiffR,w/m2,1.0,77.0
33.0,HAZEVA,17.0,RH,%,1.0,27.0
33.0,HAZEVA,18.0,Rain,mm,1.0,1.0
35.0,PARAN 20060124,1.0,Rain,mm,1.0,1.0
35.0,PARAN 20060124,2.0,WSmax,m/sec,1.0,5.0
35.0,PARAN 20060124,3.0,WDmax,deg,1.0,23.0
35.0,PARAN 20060124,4.0,WS,m/sec,1.0,4.0
35.0,PARAN 20060124,5.0,WD,deg,1.0,22.0
35.0,PARAN 20060124,6.0,STDwd,deg,1.0,3.0
35.0,PARAN 20060124,7.0,TD,degC,1.0,32.0
35.0,PARAN 20060124,8.0,RH,%,1.0,27.0
35.0,PARAN 20060124,9.0,TDmax,degC,1.0,41.0
35.0,PARAN 20060124,10.0,TDmin,degC,1.0,42.0
35.0,PARAN 20060124,11.0,TG,degC,0.0,33.0
36.0,YOTVATA,1.0,WSmax,m/sec,1.0,5.0
36.0,YOTVATA,2.0,WDmax,deg,1.0,23.0
36.0,YOTVATA,3.0,WS,m/sec,1.0,4.0
36.0,YOTVATA,4.0,WD,deg,1.0,22.0
36.0,YOTVATA,5.0,STDwd,deg,1.0,3.0
36.0,YOTVATA,6.0,TD,degC,1.0,32.0
36.0,YOTVATA,7.0,RH,%,1.0,27.0
36.0,YOTVATA,8.0,TDmax,degC,1.0,41.0
36.0,YOTVATA,9.0,TDmin,degC,1.0,42.0
36.0,YOTVATA,10.0,TG,degC,1.0,33.0
36.0,YOTVATA,14.0,WS1mm,m/sec,1.0,6.0
36.0,YOTVATA,17.0,Grad,w/m2,1.0,52.0
36.0,YOTVATA,18.0,DiffR,w/m2,1.0,77.0
36.0,YOTVATA,19.0,NIP,w/m2,1.0,79.0
36.0,YOTVATA,20.0,Ws10mm,m/sec,1.0,144.0
36.0,YOTVATA,21.0,Time,hhmm,1.0,102.0
36.0,YOTVATA,24.0,Rain,mm,1.0,1.0
37.0,YOTVATA2,1.0,Grad,w/m2,1.0,52.0
37.0,YOTVATA2,2.0,DiffR,w/m2,1.0,77.0
37.0,YOTVATA2,3.0,NIP,w/m2,1.0,79.0
37.0,YOTVATA2,4.0,Ws10mm,m/sec,1.0,144.0
37.0,YOTVATA2,5.0,Time,hhmm,1.0,102.0
41.0,HAIFA REFINERIES,1.0,Rain,mm,1.0,1.0
41.0,HAIFA REFINERIES,7.0,TD,degC,1.0,32.0
41.0,HAIFA REFINERIES,8.0,RH,%,1.0,27.0
41.0,HAIFA REFINERIES,9.0,TDmax,degC,1.0,41.0
41.0,HAIFA REFINERIES,10.0,TDmin,degC,1.0,42.0
42.0,HAIFA UNIVERSITY,1.0,Rain,mm,1.0,1.0
42.0,HAIFA UNIVERSITY,2.0,WSmax,m/sec,1.0,5.0
42.0,HAIFA UNIVERSITY,3.0,WDmax,deg,1.0,23.0
42.0,HAIFA UNIVERSITY,4.0,WS,m/sec,1.0,4.0
42.0,HAIFA UNIVERSITY,5.0,WD,deg,1.0,22.0
42.0,HAIFA UNIVERSITY,6.0,STDwd,deg,1.0,3.0
42.0,HAIFA UNIVERSITY,7.0,TD,degC,1.0,32.0
42.0,HAIFA UNIVERSITY,8.0,RH,%,1.0,27.0
42.0,HAIFA UNIVERSITY,9.0,TDmax,degC,1.0,41.0
42.0,HAIFA UNIVERSITY,10.0,TDmin,degC,1.0,42.0
42.0,HAIFA UNIVERSITY,11.0,Grad,w/m2,0.0,52.0
42.0,HAIFA UNIVERSITY,12.0,WS1mm,m/sec,1.0,6.0
42.0,HAIFA UNIVERSITY,13.0,Ws10mm,m/sec,1.0,144.0
42.0,HAIFA UNIVERSITY,14.0,Time,hhmm,1.0,102.0
43.0,HAIFA TECHNION,1.0,WSmax,m/sec,1.0,5.0
43.0,HAIFA TECHNION,2.0,WDmax,deg,1.0,23.0
43.0,HAIFA TECHNION,3.0,WS,m/sec,1.0,4.0
43.0,HAIFA TECHNION,4.0,WD,deg,1.0,22.0
43.0,HAIFA TECHNION,5.0,STDwd,deg,1.0,3.0
43.0,HAIFA TECHNION,6.0,TD,degC,1.0,32.0
43.0,HAIFA TECHNION,7.0,RH,%,1.0,27.0
43.0,HAIFA TECHNION,8.0,TDmax,degC,1.0,41.0
43.0,HAIFA TECHNION,9.0,TDmin,degC,1.0,42.0
43.0,HAIFA TECHNION,10.0,Grad,w/m2,1.0,52.0
43.0,HAIFA TECHNION,11.0,NIP,w/m2,1.0,79.0
43.0,HAIFA TECHNION,12.0,DiffR,w/m2,1.0,77.0
43.0,HAIFA TECHNION,13.0,WS1mm,m/sec,1.0,6.0
43.0,HAIFA TECHNION,15.0,Ws10mm,m/sec,1.0,144.0
43.0,HAIFA TECHNION,16.0,Time,hhmm,1.0,102.0
43.0,HAIFA TECHNION,20.0,Rain,mm,1.0,1.0
44.0,EN KARMEL,1.0,Rain,mm,1.0,1.0
44.0,EN KARMEL,2.0,WSmax,m/sec,1.0,5.0
44.0,EN KARMEL,3.0,WDmax,deg,1.0,23.0
44.0,EN KARMEL,4.0,WS,m/sec,1.0,4.0
44.0,EN KARMEL,5.0,WD,deg,1.0,22.0
44.0,EN KARMEL,6.0,STDwd,deg,1.0,3.0
44.0,EN KARMEL,7.0,TD,degC,1.0,32.0
44.0,EN KARMEL,8.0,RH,%,1.0,27.0
44.0,EN KARMEL,9.0,TDmax,degC,1.0,41.0
44.0,EN KARMEL,10.0,TDmin,degC,1.0,42.0
44.0,EN KARMEL,11.0,TG,degC,1.0,33.0
44.0,EN KARMEL,16.0,WS1mm,m/sec,1.0,6.0
44.0,EN KARMEL,17.0,Ws10mm,m/sec,1.0,144.0
44.0,EN KARMEL,18.0,Time,hhmm,1.0,102.0
45.0,ZIKHRON YAAQOV,1.0,Rain,mm,1.0,1.0
45.0,ZIKHRON YAAQOV,2.0,WSmax,m/sec,1.0,5.0
45.0,ZIKHRON YAAQOV,3.0,WDmax,deg,1.0,23.0
45.0,ZIKHRON YAAQOV,4.0,WS,m/sec,1.0,4.0
45.0,ZIKHRON YAAQOV,5.0,WD,deg,1.0,22.0
45.0,ZIKHRON YAAQOV,6.0,STDwd,deg,1.0,3.0
45.0,ZIKHRON YAAQOV,7.0,RH,%,1.0,27.0
45.0,ZIKHRON YAAQOV,8.0,TD,degC,1.0,32.0
45.0,ZIKHRON YAAQOV,10.0,TDmax,degC,1.0,41.0
45.0,ZIKHRON YAAQOV,11.0,TDmin,degC,1.0,42.0
45.0,ZIKHRON YAAQOV,13.0,WS1mm,m/sec,1.0,6.0
45.0,ZIKHRON YAAQOV,14.0,Ws10mm,m/sec,1.0,144.0
45.0,ZIKHRON YAAQOV,15.0,Time,hhmm,1.0,102.0
46.0,HADERA PORT,1.0,WSmax,m/sec,1.0,5.0
46.0,HADERA PORT,2.0,WDmax,deg,1.0,23.0
46.0,HADERA PORT,3.0,WS,m/sec,1.0,4.0
46.0,HADERA PORT,4.0,WD,deg,1.0,22.0
46.0,HADERA PORT,5.0,STDwd,deg,1.0,3.0
46.0,HADERA PORT,6.0,TD,degC,1.0,32.0
46.0,HADERA PORT,7.0,RH,%,1.0,27.0
46.0,HADERA PORT,8.0,TDmax,degC,1.0,41.0
46.0,HADERA PORT,9.0,TDmin,degC,1.0,42.0
46.0,HADERA PORT,17.0,Rain,mm,1.0,1.0
46.0,HADERA PORT,18.0,WS1mm,m/sec,1.0,6.0
46.0,HADERA PORT,19.0,Ws10mm,m/sec,1.0,144.0
46.0,HADERA PORT,20.0,Time,hhmm,1.0,102.0
54.0,BET DAGAN,1.0,Rain,mm,1.0,1.0
54.0,BET DAGAN,2.0,WSmax,m/sec,1.0,5.0
54.0,BET DAGAN,3.0,WDmax,deg,1.0,23.0
54.0,BET DAGAN,4.0,WS,m/sec,1.0,4.0
54.0,BET DAGAN,5.0,WD,deg,1.0,22.0
54.0,BET DAGAN,6.0,STDwd,deg,1.0,3.0
54.0,BET DAGAN,7.0,TD,degC,1.0,32.0
54.0,BET DAGAN,9.0,TDmax,degC,1.0,41.0
54.0,BET DAGAN,10.0,TDmin,degC,1.0,42.0
54.0,BET DAGAN,11.0,TG,degC,1.0,33.0
54.0,BET DAGAN,15.0,WS1mm,m/sec,1.0,6.0
54.0,BET DAGAN,16.0,Ws10mm,m/sec,1.0,144.0
54.0,BET DAGAN,17.0,Time,hhmm,1.0,102.0
54.0,BET DAGAN,18.0,RH,%,1.0,27.0
54.0,BET DAGAN,26.0,BP,mb,1.0,84.0
58.0,BESOR FARM,1.0,Rain,mm,1.0,1.0
58.0,BESOR FARM,2.0,WSmax,m/sec,1.0,5.0
58.0,BESOR FARM,3.0,WDmax,deg,1.0,23.0
58.0,BESOR FARM,4.0,WS,m/sec,1.0,4.0
58.0,BESOR FARM,5.0,WD,deg,1.0,22.0
58.0,BESOR FARM,6.0,STDwd,deg,1.0,3.0
58.0,BESOR FARM,7.0,TD,degC,1.0,32.0
58.0,BESOR FARM,8.0,RH,%,1.0,27.0
58.0,BESOR FARM,9.0,TDmax,degC,1.0,41.0
58.0,BESOR FARM,10.0,TDmin,degC,1.0,42.0
58.0,BESOR FARM,11.0,TG,degC,1.0,33.0
58.0,BESOR FARM,14.0,Grad,w/m2,1.0,52.0
58.0,BESOR FARM,15.0,NIP,w/m2,1.0,79.0
58.0,BESOR FARM,16.0,DiffR,w/m2,1.0,77.0
58.0,BESOR FARM,17.0,WS1mm,m/sec,1.0,6.0
58.0,BESOR FARM,18.0,Ws10mm,m/sec,1.0,144.0
58.0,BESOR FARM,19.0,Time,hhmm,1.0,102.0
59.0,BEER SHEVA,1.0,Rain,mm,1.0,1.0
59.0,BEER SHEVA,2.0,WSmax,m/sec,1.0,5.0
59.0,BEER SHEVA,3.0,WDmax,deg,1.0,23.0
59.0,BEER SHEVA,4.0,WS,m/sec,1.0,4.0
59.0,BEER SHEVA,5.0,WD,deg,1.0,22.0
59.0,BEER SHEVA,6.0,STDwd,deg,1.0,3.0
59.0,BEER SHEVA,7.0,RH,%,1.0,27.0
59.0,BEER SHEVA,8.0,TD,degC,1.0,32.0
59.0,BEER SHEVA,9.0,TDmax,degC,1.0,41.0
59.0,BEER SHEVA,10.0,TDmin,degC,1.0,42.0
59.0,BEER SHEVA,11.0,TG,degC,1.0,33.0
59.0,BEER SHEVA,16.0,WS1mm,m/sec,1.0,6.0
59.0,BEER SHEVA,17.0,Ws10mm,m/sec,1.0,144.0
59.0,BEER SHEVA,18.0,Time,hhmm,1.0,102.0
59.0,BEER SHEVA,19.0,BP,mb,1.0,84.0
60.0,BEER SHEVA UNI,1.0,Grad,w/m2,1.0,52.0
60.0,BEER SHEVA UNI,2.0,NIP,w/m2,1.0,79.0
60.0,BEER SHEVA UNI,3.0,DiffR,w/m2,1.0,77.0
60.0,BEER SHEVA UNI,9.0,TD,degC,0.0,32.0
62.0,ZEFAT HAR KENAAN,1.0,Rain,mm,1.0,1.0
62.0,ZEFAT HAR KENAAN,2.0,WSmax,m/sec,1.0,5.0
62.0,ZEFAT HAR KENAAN,3.0,WDmax,deg,1.0,23.0
62.0,ZEFAT HAR KENAAN,4.0,WS,m/sec,1.0,4.0
62.0,ZEFAT HAR KENAAN,5.0,WD,deg,1.0,22.0
62.0,ZEFAT HAR KENAAN,6.0,STDwd,deg,1.0,3.0
62.0,ZEFAT HAR KENAAN,7.0,TD,degC,1.0,32.0
62.0,ZEFAT HAR KENAAN,9.0,TDmax,degC,1.0,41.0
62.0,ZEFAT HAR KENAAN,10.0,TDmin,degC,1.0,42.0
62.0,ZEFAT HAR KENAAN,11.0,WS1mm,m/sec,1.0,6.0
62.0,ZEFAT HAR KENAAN,12.0,Ws10mm,m/sec,1.0,144.0
62.0,ZEFAT HAR KENAAN,13.0,Time,hhmm,1.0,102.0
62.0,ZEFAT HAR KENAAN,15.0,RH,%,1.0,27.0
62.0,ZEFAT HAR KENAAN,16.0,BP,mb,1.0,84.0
64.0,ELAT,1.0,WSmax,m/sec,1.0,5.0
64.0,ELAT,2.0,WDmax,deg,1.0,23.0
64.0,ELAT,3.0,WS,m/sec,1.0,4.0
64.0,ELAT,4.0,WD,deg,1.0,22.0
64.0,ELAT,5.0,STDwd,deg,1.0,3.0
64.0,ELAT,6.0,TD,degC,1.0,32.0
64.0,ELAT,7.0,RH,%,1.0,27.0
64.0,ELAT,8.0,TDmax,degC,1.0,41.0
64.0,ELAT,9.0,TDmin,degC,1.0,42.0
64.0,ELAT,10.0,WS1mm,m/sec,1.0,6.0
64.0,ELAT,12.0,Grad,w/m2,1.0,52.0
64.0,ELAT,13.0,NIP,w/m2,1.0,79.0
64.0,ELAT,14.0,DiffR,w/m2,1.0,77.0
64.0,ELAT,17.0,Rain,mm,1.0,1.0
64.0,ELAT,21.0,Ws10mm,m/sec,1.0,144.0
64.0,ELAT,22.0,Time,hhmm,1.0,102.0
64.0,ELAT,23.0,BP,mb,1.0,84.0
65.0,SEDOM,1.0,Grad,w/m2,1.0,52.0
65.0,SEDOM,2.0,DiffR,w/m2,1.0,77.0
65.0,SEDOM,3.0,NIP,w/m2,1.0,79.0
65.0,SEDOM,4.0,RH,%,1.0,27.0
65.0,SEDOM,5.0,TD,degC,1.0,32.0
65.0,SEDOM,6.0,WS,m/sec,1.0,4.0
65.0,SEDOM,8.0,WD,deg,1.0,22.0
65.0,SEDOM,9.0,STDwd,deg,1.0,3.0
65.0,SEDOM,12.0,Rain,mm,1.0,1.0
65.0,SEDOM,15.0,TDmax,degC,1.0,41.0
65.0,SEDOM,16.0,TDmin,degC,1.0,42.0
65.0,SEDOM,18.0,WSmax,m/sec,1.0,5.0
65.0,SEDOM,19.0,WDmax,deg,1.0,23.0
65.0,SEDOM,20.0,WS1mm,m/sec,1.0,6.0
65.0,SEDOM,21.0,Ws10mm,m/sec,1.0,144.0
65.0,SEDOM,22.0,Time,hhmm,1.0,102.0
65.0,SEDOM,25.0,BP,mb,1.0,84.0
67.0,EN HASHOFET,1.0,Rain,mm,1.0,1.0
67.0,EN HASHOFET,2.0,WSmax,m/sec,1.0,5.0
67.0,EN HASHOFET,3.0,WDmax,deg,1.0,23.0
67.0,EN HASHOFET,4.0,WS,m/sec,1.0,4.0
67.0,EN HASHOFET,5.0,WD,deg,1.0,22.0
67.0,EN HASHOFET,6.0,STDwd,deg,1.0,3.0
67.0,EN HASHOFET,7.0,TD,degC,1.0,32.0
67.0,EN HASHOFET,8.0,RH,%,1.0,27.0
67.0,EN HASHOFET,9.0,TDmax,degC,1.0,41.0
67.0,EN HASHOFET,10.0,TDmin,degC,1.0,42.0
67.0,EN HASHOFET,11.0,WS1mm,m/sec,1.0,6.0
67.0,EN HASHOFET,12.0,Ws10mm,m/sec,1.0,144.0
67.0,EN HASHOFET,13.0,Time,hhmm,1.0,102.0
67.0,EN HASHOFET,17.0,Grad,w/m2,1.0,52.0
69.0,MIZPE RAMON 20080514,1.0,Rain,mm,1.0,1.0
69.0,MIZPE RAMON 20080514,2.0,WSmax,m/sec,1.0,5.0
69.0,MIZPE RAMON 20080514,3.0,WDmax,deg,1.0,23.0
69.0,MIZPE RAMON 20080514,4.0,WS,m/sec,1.0,4.0
69.0,MIZPE RAMON 20080514,5.0,WD,deg,1.0,22.0
69.0,MIZPE RAMON 20080514,6.0,STDwd,deg,1.0,3.0
69.0,MIZPE RAMON 20080514,7.0,TD,degC,1.0,32.0
69.0,MIZPE RAMON 20080514,8.0,RH,%,1.0,27.0
69.0,MIZPE RAMON 20080514,9.0,TDmax,degC,1.0,41.0
69.0,MIZPE RAMON 20080514,10.0,TDmin,degC,1.0,42.0
69.0,MIZPE RAMON 20080514,11.0,DiffR,w/m2,1.0,77.0
69.0,MIZPE RAMON 20080514,12.0,NIP,w/m2,1.0,79.0
69.0,MIZPE RAMON 20080514,13.0,Grad,w/m2,1.0,52.0
69.0,MIZPE RAMON 20080514,14.0,WS1mm,m/sec,1.0,6.0
69.0,MIZPE RAMON 20080514,16.0,Ws10mm,m/sec,1.0,144.0
69.0,MIZPE RAMON 20080514,17.0,Time,hhmm,1.0,102.0
73.0,ELON,1.0,Rain,mm,1.0,1.0
73.0,ELON,2.0,WSmax,m/sec,1.0,5.0
73.0,ELON,3.0,WDmax,deg,1.0,23.0
73.0,ELON,4.0,WS,m/sec,1.0,4.0
73.0,ELON,5.0,WD,deg,1.0,22.0
73.0,ELON,6.0,STDwd,deg,1.0,3.0
73.0,ELON,7.0,TD,degC,1.0,32.0
73.0,ELON,8.0,TW,degC,1.0,31.0
73.0,ELON,9.0,TDmax,degC,1.0,41.0
73.0,ELON,10.0,TDmin,degC,1.0,42.0
73.0,ELON,11.0,WS1mm,m/sec,1.0,6.0
73.0,ELON,12.0,Ws10mm,m/sec,1.0,144.0
73.0,ELON,13.0,Time,hhmm,1.0,102.0
73.0,ELON,15.0,TG,degC,1.0,33.0
73.0,ELON,17.0,RH,%,1.0,27.0
74.0,QEVUZAT YAVNE,1.0,Rain,mm,1.0,1.0
74.0,QEVUZAT YAVNE,7.0,TD,degC,1.0,32.0
74.0,QEVUZAT YAVNE,8.0,RH,%,1.0,27.0
74.0,QEVUZAT YAVNE,9.0,TDmax,degC,1.0,41.0
74.0,QEVUZAT YAVNE,10.0,TDmin,degC,1.0,42.0
74.0,QEVUZAT YAVNE,11.0,TG,degC,0.0,33.0
75.0,BEIT JIMAL,1.0,Rain,mm,1.0,1.0
75.0,BEIT JIMAL,2.0,TD,degC,1.0,32.0
75.0,BEIT JIMAL,3.0,RH,%,1.0,27.0
75.0,BEIT JIMAL,4.0,TDmax,degC,1.0,41.0
75.0,BEIT JIMAL,5.0,TDmin,degC,1.0,42.0
77.0,ROSH ZURIM,1.0,Rain,mm,1.0,1.0
77.0,ROSH ZURIM,2.0,WSmax,m/sec,1.0,5.0
77.0,ROSH ZURIM,3.0,WDmax,deg,1.0,23.0
77.0,ROSH ZURIM,4.0,WS,m/sec,1.0,4.0
77.0,ROSH ZURIM,5.0,WD,deg,1.0,22.0
77.0,ROSH ZURIM,6.0,STDwd,deg,1.0,3.0
77.0,ROSH ZURIM,7.0,TD,degC,1.0,32.0
77.0,ROSH ZURIM,8.0,RH,%,1.0,27.0
77.0,ROSH ZURIM,9.0,TDmax,degC,1.0,41.0
77.0,ROSH ZURIM,10.0,TDmin,degC,1.0,42.0
77.0,ROSH ZURIM,11.0,WS1mm,m/sec,1.0,6.0
77.0,ROSH ZURIM,12.0,Ws10mm,m/sec,1.0,144.0
77.0,ROSH ZURIM,13.0,Time,hhmm,1.0,102.0
78.0,AFEQ,1.0,Rain,degC,1.0,1.0
78.0,AFEQ,2.0,WSmax,m/sec,1.0,5.0
78.0,AFEQ,3.0,WDmax,deg,1.0,23.0
78.0,AFEQ,4.0,WS,m/sec,1.0,4.0
78.0,AFEQ,5.0,WD,deg,1.0,22.0
78.0,AFEQ,6.0,STDwd,deg,1.0,3.0
78.0,AFEQ,7.0,TD,degC,1.0,32.0
78.0,AFEQ,8.0,RH,%,1.0,27.0
78.0,AFEQ,9.0,TDmax,degC,1.0,41.0
78.0,AFEQ,10.0,TDmin,degC,1.0,42.0
78.0,AFEQ,11.0,WS1mm,m/sec,1.0,6.0
78.0,AFEQ,12.0,Ws10mm,m/sec,1.0,144.0
78.0,AFEQ,13.0,Time,hhmm,1.0,102.0
78.0,AFEQ,15.0,BP,mb,1.0,84.0
79.0,DOROT,1.0,Rain,mm,1.0,1.0
79.0,DOROT,2.0,WSmax,m/sec,1.0,5.0
79.0,DOROT,3.0,WDmax,deg,1.0,23.0
79.0,DOROT,4.0,WS,m/sec,1.0,4.0
79.0,DOROT,5.0,WD,deg,1.0,22.0
79.0,DOROT,6.0,STDwd,deg,1.0,3.0
79.0,DOROT,7.0,TD,degC,1.0,32.0
79.0,DOROT,9.0,TDmax,degC,1.0,41.0
79.0,DOROT,10.0,TDmin,degC,1.0,42.0
79.0,DOROT,11.0,WS1mm,m/sec,1.0,6.0
79.0,DOROT,12.0,Ws10mm,m/sec,1.0,144.0
79.0,DOROT,13.0,Time,hhmm,1.0,102.0
79.0,DOROT,15.0,Grad,w/m2,1.0,52.0
79.0,DOROT,16.0,RH,%,1.0,27.0
79.0,DOROT,17.0,TG,degC,1.0,33.0
82.0,NEGBA,1.0,Rain,mm,1.0,1.0
82.0,NEGBA,2.0,WSmax,m/sec,1.0,5.0
82.0,NEGBA,3.0,WDmax,deg,1.0,23.0
82.0,NEGBA,4.0,WS,m/sec,1.0,4.0
82.0,NEGBA,5.0,WD,deg,1.0,22.0
82.0,NEGBA,6.0,STDwd,deg,1.0,3.0
82.0,NEGBA,7.0,TD,degC,1.0,32.0
82.0,NEGBA,8.0,RH,%,1.0,27.0
82.0,NEGBA,9.0,TDmax,degC,1.0,41.0
82.0,NEGBA,10.0,TDmin,degC,1.0,42.0
82.0,NEGBA,11.0,TG,degC,1.0,33.0
82.0,NEGBA,15.0,WS1mm,m/sec,1.0,6.0
82.0,NEGBA,16.0,Ws10mm,m/sec,1.0,144.0
82.0,NEGBA,17.0,Time,hhmm,1.0,102.0
82.0,NEGBA,19.0,Grad,w/m2,1.0,52.0
85.0,BET DAGAN RAD,6.0,NIP,w/m2,1.0,79.0
85.0,BET DAGAN RAD,7.0,Grad,w/m2,1.0,52.0
85.0,BET DAGAN RAD,8.0,DiffR,w/m2,1.0,77.0
89.0,SEDE BOQER UNI,21.0,NIP,w/m2,1.0,79.0
89.0,SEDE BOQER UNI,22.0,Grad,w/m2,1.0,52.0
89.0,SEDE BOQER UNI,23.0,DiffR,w/m2,1.0,77.0
90.0,ITAMAR,1.0,Rain,mm,1.0,1.0
90.0,ITAMAR,2.0,WSmax,m/sec,1.0,5.0
90.0,ITAMAR,3.0,WDmax,deg,1.0,23.0
90.0,ITAMAR,4.0,WS,m/sec,1.0,4.0
90.0,ITAMAR,5.0,WD,deg,1.0,22.0
90.0,ITAMAR,6.0,STDwd,deg,1.0,3.0
90.0,ITAMAR,7.0,TD,degC,1.0,32.0
90.0,ITAMAR,8.0,RH,%,1.0,27.0
90.0,ITAMAR,9.0,TDmax,degC,1.0,41.0
90.0,ITAMAR,10.0,TDmin,degC,1.0,42.0
90.0,ITAMAR,11.0,WS1mm,m/sec,1.0,6.0
90.0,ITAMAR,12.0,Ws10mm,m/sec,1.0,144.0
90.0,ITAMAR,13.0,Time,hhmm,1.0,102.0
98.0,SEDE BOQER,1.0,Rain,mm,1.0,1.0
98.0,SEDE BOQER,2.0,WSmax,m/sec,1.0,5.0
98.0,SEDE BOQER,3.0,WDmax,deg,1.0,23.0
98.0,SEDE BOQER,4.0,WS,m/sec,1.0,4.0
98.0,SEDE BOQER,5.0,WD,deg,1.0,22.0
98.0,SEDE BOQER,6.0,STDwd,deg,1.0,3.0
98.0,SEDE BOQER,7.0,TD,degC,1.0,32.0
98.0,SEDE BOQER,8.0,RH,%,1.0,27.0
98.0,SEDE BOQER,9.0,TDmax,degC,1.0,41.0
98.0,SEDE BOQER,10.0,TDmin,degC,1.0,42.0
98.0,SEDE BOQER,11.0,WS1mm,m/sec,1.0,6.0
98.0,SEDE BOQER,12.0,Ws10mm,m/sec,1.0,144.0
98.0,SEDE BOQER,13.0,Time,hhmm,1.0,102.0
99.0,DEIR HANNA,1.0,Rain,mm,1.0,1.0
99.0,DEIR HANNA,2.0,WSmax,m/sec,1.0,5.0
99.0,DEIR HANNA,3.0,WDmax,deg,1.0,23.0
99.0,DEIR HANNA,4.0,WS,m/sec,1.0,4.0
99.0,DEIR HANNA,5.0,WD,deg,1.0,22.0
99.0,DEIR HANNA,6.0,STDwd,deg,1.0,3.0
99.0,DEIR HANNA,7.0,TD,degC,1.0,32.0
99.0,DEIR HANNA,8.0,RH,%,1.0,27.0
99.0,DEIR HANNA,9.0,TDmax,degC,1.0,41.0
99.0,DEIR HANNA,10.0,TDmin,degC,1.0,42.0
99.0,DEIR HANNA,11.0,WS1mm,m/sec,1.0,6.0
99.0,DEIR HANNA,12.0,Ws10mm,m/sec,1.0,144.0
99.0,DEIR HANNA,13.0,Time,hhmm,1.0,102.0
106.0,ROSH HANIQRA,1.0,Rain,mm,1.0,1.0
106.0,ROSH HANIQRA,2.0,WSmax,m/sec,1.0,5.0
106.0,ROSH HANIQRA,3.0,WDmax,deg,1.0,23.0
106.0,ROSH HANIQRA,4.0,WS,m/sec,1.0,4.0
106.0,ROSH HANIQRA,5.0,WD,deg,1.0,22.0
106.0,ROSH HANIQRA,6.0,STDwd,deg,1.0,3.0
106.0,ROSH HANIQRA,7.0,TD,degC,1.0,32.0
106.0,ROSH HANIQRA,8.0,RH,%,1.0,27.0
106.0,ROSH HANIQRA,9.0,TDmax,degC,1.0,41.0
106.0,ROSH HANIQRA,10.0,TDmin,degC,1.0,42.0
106.0,ROSH HANIQRA,12.0,WS1mm,m/sec,1.0,6.0
106.0,ROSH HANIQRA,13.0,Ws10mm,m/sec,1.0,144.0
106.0,ROSH HANIQRA,14.0,Time,hhmm,1.0,102.0
107.0,EN HAHORESH,1.0,Rain,mm,1.0,1.0
107.0,EN HAHORESH,2.0,TD,degC,1.0,32.0
107.0,EN HAHORESH,3.0,RH,%,1.0,27.0
107.0,EN HAHORESH,4.0,TDmax,degC,1.0,41.0
107.0,EN HAHORESH,5.0,TDmin,degC,1.0,42.0
107.0,EN HAHORESH,6.0,TG,degC,1.0,33.0
112.0,ZOMET HANEGEV,1.0,Rain,mm,1.0,1.0
112.0,ZOMET HANEGEV,2.0,WSmax,m/sec,1.0,5.0
112.0,ZOMET HANEGEV,3.0,WDmax,deg,1.0,23.0
112.0,ZOMET HANEGEV,4.0,WS,m/sec,1.0,4.0
112.0,ZOMET HANEGEV,5.0,WD,deg,1.0,22.0
112.0,ZOMET HANEGEV,6.0,STDwd,deg,1.0,3.0
112.0,ZOMET HANEGEV,7.0,TD,degC,1.0,32.0
112.0,ZOMET HANEGEV,8.0,RH,%,1.0,27.0
112.0,ZOMET HANEGEV,9.0,TDmax,degC,1.0,41.0
112.0,ZOMET HANEGEV,10.0,TDmin,degC,1.0,42.0
112.0,ZOMET HANEGEV,12.0,WS1mm,m/sec,1.0,6.0
112.0,ZOMET HANEGEV,13.0,Ws10mm,m/sec,1.0,144.0
112.0,ZOMET HANEGEV,14.0,Time,hhmm,1.0,102.0
115.0,LEV KINERET,1.0,Rain,mm,1.0,1.0
115.0,LEV KINERET,2.0,WSmax,m/sec,1.0,5.0
115.0,LEV KINERET,3.0,WDmax,deg,1.0,23.0
115.0,LEV KINERET,4.0,WS,m/sec,1.0,4.0
115.0,LEV KINERET,5.0,WD,deg,1.0,22.0
115.0,LEV KINERET,6.0,STDwd,deg,1.0,3.0
115.0,LEV KINERET,7.0,TD,degC,1.0,32.0
115.0,LEV KINERET,8.0,RH,%,1.0,27.0
115.0,LEV KINERET,9.0,TDmax,degC,1.0,41.0
115.0,LEV KINERET,10.0,TDmin,degC,1.0,42.0
115.0,LEV KINERET,12.0,WS1mm,m/sec,1.0,6.0
115.0,LEV KINERET,13.0,Ws10mm,m/sec,1.0,144.0
115.0,LEV KINERET,14.0,Time,hhmm,1.0,102.0
121.0,HAFEZ HAYYIM,1.0,Rain,mm,1.0,1.0
121.0,HAFEZ HAYYIM,2.0,WSmax,m/sec,1.0,5.0
121.0,HAFEZ HAYYIM,3.0,WDmax,deg,1.0,23.0
121.0,HAFEZ HAYYIM,4.0,WS,m/sec,1.0,4.0
121.0,HAFEZ HAYYIM,5.0,WD,deg,1.0,22.0
121.0,HAFEZ HAYYIM,6.0,STDwd,deg,1.0,3.0
121.0,HAFEZ HAYYIM,7.0,TD,degC,1.0,32.0
121.0,HAFEZ HAYYIM,8.0,RH,%,1.0,27.0
121.0,HAFEZ HAYYIM,9.0,TDmax,degC,1.0,41.0
121.0,HAFEZ HAYYIM,10.0,TDmin,degC,1.0,42.0
121.0,HAFEZ HAYYIM,11.0,WS1mm,m/sec,1.0,6.0
121.0,HAFEZ HAYYIM,12.0,Ws10mm,m/sec,1.0,144.0
121.0,HAFEZ HAYYIM,13.0,Time,hhmm,1.0,102.0
121.0,HAFEZ HAYYIM,14.0,Vbatt,volt,0.0,2.0
121.0,HAFEZ HAYYIM,16.0,TG,degC,1.0,33.0
123.0,AMMIAD,1.0,Rain,mm,1.0,1.0
123.0,AMMIAD,2.0,WSmax,m/sec,1.0,5.0
123.0,AMMIAD,3.0,WDmax,deg,1.0,23.0
123.0,AMMIAD,4.0,WS,m/sec,1.0,4.0
123.0,AMMIAD,5.0,WD,deg,1.0,22.0
123.0,AMMIAD,6.0,STDwd,deg,1.0,3.0
123.0,AMMIAD,7.0,TD,degC,1.0,32.0
123.0,AMMIAD,8.0,RH,%,1.0,27.0
123.0,AMMIAD,9.0,TDmax,degC,1.0,41.0
123.0,AMMIAD,10.0,TDmin,degC,1.0,42.0
123.0,AMMIAD,11.0,WS1mm,m/sec,1.0,6.0
123.0,AMMIAD,12.0,Ws10mm,m/sec,1.0,144.0
123.0,AMMIAD,13.0,Time,hhmm,1.0,102.0
124.0,ASHDOD PORT,1.0,Rain,mm,1.0,1.0
124.0,ASHDOD PORT,2.0,WSmax,m/sec,1.0,5.0
124.0,ASHDOD PORT,3.0,WDmax,deg,1.0,23.0
124.0,ASHDOD PORT,4.0,WS,m/sec,1.0,4.0
124.0,ASHDOD PORT,5.0,WD,deg,1.0,22.0
124.0,ASHDOD PORT,6.0,STDwd,deg,1.0,3.0
124.0,ASHDOD PORT,7.0,TD,degC,1.0,32.0
124.0,ASHDOD PORT,8.0,RH,%,1.0,27.0
124.0,ASHDOD PORT,9.0,TDmax,degC,1.0,41.0
124.0,ASHDOD PORT,10.0,TDmin,degC,1.0,42.0
124.0,ASHDOD PORT,11.0,WS1mm,m/sec,1.0,6.0
124.0,ASHDOD PORT,12.0,Ws10mm,m/sec,1.0,144.0
124.0,ASHDOD PORT,13.0,Time,hhmm,1.0,102.0
178.0,TEL AVIV COAST,1.0,Rain,mm,1.0,1.0
178.0,TEL AVIV COAST,2.0,WSmax,m/sec,1.0,5.0
178.0,TEL AVIV COAST,3.0,WDmax,deg,1.0,23.0
178.0,TEL AVIV COAST,4.0,WS,m/sec,1.0,4.0
178.0,TEL AVIV COAST,5.0,WD,deg,1.0,22.0
178.0,TEL AVIV COAST,6.0,STDwd,deg,1.0,3.0
178.0,TEL AVIV COAST,7.0,TD,degC,1.0,32.0
178.0,TEL AVIV COAST,8.0,RH,%,1.0,27.0
178.0,TEL AVIV COAST,9.0,TDmax,degC,1.0,41.0
178.0,TEL AVIV COAST,10.0,TDmin,degC,1.0,42.0
178.0,TEL AVIV COAST,11.0,WS1mm,m/sec,1.0,6.0
178.0,TEL AVIV COAST,12.0,Ws10mm,m/sec,1.0,144.0
178.0,TEL AVIV COAST,13.0,Time,hhmm,1.0,102.0
186.0,NEWE YAAR,1.0,Rain,mm,1.0,1.0
186.0,NEWE YAAR,2.0,WSmax,m/sec,1.0,5.0
186.0,NEWE YAAR,3.0,WDmax,deg,1.0,23.0
186.0,NEWE YAAR,4.0,WS,m/sec,1.0,4.0
186.0,NEWE YAAR,5.0,WD,deg,1.0,22.0
186.0,NEWE YAAR,6.0,STDwd,deg,1.0,3.0
186.0,NEWE YAAR,7.0,TD,degC,1.0,32.0
186.0,NEWE YAAR,8.0,RH,%,1.0,27.0
186.0,NEWE YAAR,9.0,TDmax,degC,1.0,41.0
186.0,NEWE YAAR,10.0,TDmin,degC,1.0,42.0
186.0,NEWE YAAR,11.0,TG,degC,1.0,33.0
186.0,NEWE YAAR,12.0,WS1mm,m/sec,1.0,6.0
186.0,NEWE YAAR,13.0,Ws10mm,m/sec,1.0,144.0
186.0,NEWE YAAR,14.0,Time,hhmm,1.0,102.0
188.0,ZOVA,1.0,Rain,mm,1.0,1.0
188.0,ZOVA,2.0,WSmax,m/sec,1.0,5.0
188.0,ZOVA,3.0,WDmax,deg,1.0,23.0
188.0,ZOVA,4.0,WS,m/sec,1.0,4.0
188.0,ZOVA,5.0,WD,deg,1.0,22.0
188.0,ZOVA,6.0,STDwd,deg,1.0,3.0
188.0,ZOVA,7.0,TD,degC,1.0,32.0
188.0,ZOVA,8.0,RH,%,1.0,27.0
188.0,ZOVA,9.0,TDmax,degC,1.0,41.0
188.0,ZOVA,10.0,TDmin,degC,1.0,42.0
188.0,ZOVA,11.0,WS1mm,m/sec,1.0,6.0
188.0,ZOVA,12.0,Ws10mm,m/sec,1.0,144.0
188.0,ZOVA,13.0,Time,hhmm,1.0,102.0
188.0,ZOVA,14.0,Grad,w/m2,0.0,52.0
202.0,KEFAR BLUM,1.0,Rain,mm,1.0,1.0
202.0,KEFAR BLUM,2.0,WSmax,m/sec,1.0,5.0
202.0,KEFAR BLUM,3.0,WDmax,deg,1.0,23.0
202.0,KEFAR BLUM,4.0,WS,m/sec,1.0,4.0
202.0,KEFAR BLUM,5.0,WD,deg,1.0,22.0
202.0,KEFAR BLUM,6.0,STDwd,deg,1.0,3.0
202.0,KEFAR BLUM,7.0,TD,degC,1.0,32.0
202.0,KEFAR BLUM,8.0,RH,%,1.0,27.0
202.0,KEFAR BLUM,9.0,TDmax,degC,1.0,41.0
202.0,KEFAR BLUM,10.0,TDmin,degC,1.0,42.0
202.0,KEFAR BLUM,11.0,WS1mm,m/sec,1.0,6.0
202.0,KEFAR BLUM,12.0,Ws10mm,m/sec,1.0,144.0
202.0,KEFAR BLUM,13.0,Time,hhmm,1.0,102.0
202.0,KEFAR BLUM,14.0,TG,degC,1.0,33.0
205.0,ESHHAR,1.0,Rain,mm,1.0,1.0
205.0,ESHHAR,2.0,WSmax,m/sec,1.0,5.0
205.0,ESHHAR,3.0,WDmax,deg,1.0,23.0
205.0,ESHHAR,4.0,WS,m/sec,1.0,4.0
205.0,ESHHAR,5.0,WD,deg,1.0,22.0
205.0,ESHHAR,6.0,STDwd,deg,1.0,3.0
205.0,ESHHAR,7.0,TD,degC,1.0,32.0
205.0,ESHHAR,8.0,RH,%,1.0,27.0
205.0,ESHHAR,9.0,TDmax,degC,1.0,41.0
205.0,ESHHAR,10.0,TDmin,degC,1.0,42.0
205.0,ESHHAR,11.0,WS1mm,m/sec,1.0,6.0
205.0,ESHHAR,12.0,Ws10mm,m/sec,1.0,144.0
205.0,ESHHAR,13.0,Time,hhmm,1.0,102.0
206.0,EDEN FARM,1.0,Rain,mm,1.0,1.0
206.0,EDEN FARM,2.0,WSmax,m/sec,1.0,5.0
206.0,EDEN FARM,3.0,WDmax,deg,1.0,23.0
206.0,EDEN FARM,4.0,WS,m/sec,1.0,4.0
206.0,EDEN FARM,5.0,WD,deg,1.0,22.0
206.0,EDEN FARM,6.0,STDwd,deg,1.0,3.0
206.0,EDEN FARM,7.0,TD,degC,1.0,32.0
206.0,EDEN FARM,8.0,RH,%,1.0,27.0
206.0,EDEN FARM,9.0,TDmax,degC,1.0,41.0
206.0,EDEN FARM,10.0,TDmin,degC,1.0,42.0
206.0,EDEN FARM,13.0,TG,degC,1.0,33.0
206.0,EDEN FARM,17.0,WS1mm,m/sec,1.0,6.0
206.0,EDEN FARM,18.0,Ws10mm,m/sec,1.0,144.0
206.0,EDEN FARM,19.0,Time,hhmm,1.0,102.0
206.0,EDEN FARM,20.0,Grad,w/m2,1.0,52.0
207.0,PARAN,1.0,Rain,mm,1.0,1.0
207.0,PARAN,2.0,WSmax,m/sec,1.0,5.0
207.0,PARAN,3.0,WDmax,deg,1.0,23.0
207.0,PARAN,4.0,WS,m/sec,1.0,4.0
207.0,PARAN,5.0,WD,deg,1.0,22.0
207.0,PARAN,6.0,STDwd,deg,1.0,3.0
207.0,PARAN,7.0,TD,degC,1.0,32.0
207.0,PARAN,8.0,RH,%,1.0,27.0
207.0,PARAN,9.0,TDmax,degC,1.0,41.0
207.0,PARAN,10.0,TDmin,degC,1.0,42.0
207.0,PARAN,11.0,WS1mm,m/sec,1.0,6.0
207.0,PARAN,12.0,Ws10mm,m/sec,1.0,144.0
207.0,PARAN,13.0,Time,hhmm,1.0,102.0
207.0,PARAN,15.0,TG,degC,1.0,33.0
208.0,ASHQELON PORT,1.0,Rain,mm,1.0,1.0
208.0,ASHQELON PORT,2.0,WSmax,m/sec,1.0,5.0
208.0,ASHQELON PORT,3.0,WDmax,deg,1.0,23.0
208.0,ASHQELON PORT,4.0,WS,m/sec,1.0,4.0
208.0,ASHQELON PORT,5.0,WD,deg,1.0,22.0
208.0,ASHQELON PORT,6.0,STDwd,deg,1.0,3.0
208.0,ASHQELON PORT,7.0,TD,degC,1.0,32.0
208.0,ASHQELON PORT,8.0,RH,%,1.0,27.0
208.0,ASHQELON PORT,9.0,TDmax,degC,1.0,41.0
208.0,ASHQELON PORT,10.0,TDmin,degC,1.0,42.0
208.0,ASHQELON PORT,11.0,WS1mm,m/sec,1.0,6.0
208.0,ASHQELON PORT,12.0,Ws10mm,m/sec,1.0,144.0
208.0,ASHQELON PORT,13.0,Time,hhmm,1.0,102.0
210.0,METZOKE DRAGOT,1.0,Rain,mm,1.0,1.0
210.0,METZOKE DRAGOT,2.0,WSmax,m/sec,1.0,5.0
210.0,METZOKE DRAGOT,3.0,WDmax,deg,1.0,23.0
210.0,METZOKE DRAGOT,4.0,WS,m/sec,1.0,4.0
210.0,METZOKE DRAGOT,5.0,WD,deg,1.0,22.0
210.0,METZOKE DRAGOT,6.0,STDwd,deg,1.0,3.0
210.0,METZOKE DRAGOT,7.0,TD,degC,1.0,32.0
210.0,METZOKE DRAGOT,8.0,RH,%,1.0,27.0
210.0,METZOKE DRAGOT,9.0,TDmax,degC,1.0,41.0
210.0,METZOKE DRAGOT,10.0,TDmin,degC,1.0,42.0
210.0,METZOKE DRAGOT,11.0,WS1mm,m/sec,1.0,6.0
210.0,METZOKE DRAGOT,12.0,Ws10mm,m/sec,1.0,144.0
210.0,METZOKE DRAGOT,13.0,Time,hhmm,1.0,102.0
211.0,EN GEDI,1.0,Rain,mm,1.0,1.0
211.0,EN GEDI,2.0,WSmax,m/sec,1.0,5.0
211.0,EN GEDI,3.0,WDmax,deg,1.0,23.0
211.0,EN GEDI,4.0,WS,m/sec,1.0,4.0
211.0,EN GEDI,5.0,WD,deg,1.0,22.0
211.0,EN GEDI,6.0,STDwd,deg,1.0,3.0
211.0,EN GEDI,7.0,TD,degC,1.0,32.0
211.0,EN GEDI,8.0,RH,%,1.0,27.0
211.0,EN GEDI,9.0,TDmax,degC,1.0,41.0
211.0,EN GEDI,10.0,TDmin,degC,1.0,42.0
211.0,EN GEDI,11.0,WS1mm,m/sec,1.0,6.0
211.0,EN GEDI,12.0,Ws10mm,m/sec,1.0,144.0
211.0,EN GEDI,13.0,Time,hhmm,1.0,102.0
212.0,BET DAGAN_1m,1.0,Rain_1_min,mm,1.0,325.0
218.0,MAALE ADUMMIM,1.0,Rain,mm,1.0,1.0
218.0,MAALE ADUMMIM,2.0,WSmax,m/sec,1.0,5.0
218.0,MAALE ADUMMIM,3.0,WDmax,deg,1.0,23.0
218.0,MAALE ADUMMIM,4.0,WS,m/sec,1.0,4.0
218.0,MAALE ADUMMIM,5.0,WD,deg,1.0,22.0
218.0,MAALE ADUMMIM,6.0,STDwd,deg,1.0,3.0
218.0,MAALE ADUMMIM,7.0,TD,degC,1.0,32.0
218.0,MAALE ADUMMIM,8.0,RH,%,1.0,27.0
218.0,MAALE ADUMMIM,9.0,TDmax,degC,1.0,41.0
218.0,MAALE ADUMMIM,10.0,TDmin,degC,1.0,42.0
218.0,MAALE ADUMMIM,11.0,WS1mm,m/sec,1.0,6.0
218.0,MAALE ADUMMIM,12.0,Ws10mm,m/sec,1.0,144.0
218.0,MAALE ADUMMIM,13.0,Time,hhmm,1.0,102.0
224.0,MAALE GILBOA,1.0,Rain,mm,1.0,1.0
224.0,MAALE GILBOA,2.0,WSmax,m/sec,1.0,5.0
224.0,MAALE GILBOA,3.0,WDmax,deg,1.0,23.0
224.0,MAALE GILBOA,4.0,WS,m/sec,1.0,4.0
224.0,MAALE GILBOA,5.0,WD,deg,1.0,22.0
224.0,MAALE GILBOA,6.0,STDwd,deg,1.0,3.0
224.0,MAALE GILBOA,7.0,TD,degC,1.0,32.0
224.0,MAALE GILBOA,8.0,RH,%,1.0,27.0
224.0,MAALE GILBOA,9.0,TDmax,degC,1.0,41.0
224.0,MAALE GILBOA,10.0,TDmin,degC,1.0,42.0
224.0,MAALE GILBOA,11.0,WS1mm,m/sec,1.0,6.0
224.0,MAALE GILBOA,12.0,Ws10mm,m/sec,1.0,144.0
224.0,MAALE GILBOA,13.0,Time,hhmm,1.0,102.0
227.0,GAMLA,1.0,Rain,mm,1.0,1.0
227.0,GAMLA,2.0,WSmax,m/sec,1.0,5.0
227.0,GAMLA,3.0,WDmax,deg,1.0,23.0
227.0,GAMLA,4.0,WS,m/sec,1.0,4.0
227.0,GAMLA,5.0,WD,deg,1.0,22.0
227.0,GAMLA,6.0,STDwd,deg,1.0,3.0
227.0,GAMLA,7.0,TD,degC,1.0,32.0
227.0,GAMLA,8.0,RH,%,1.0,27.0
227.0,GAMLA,9.0,TDmax,degC,1.0,41.0
227.0,GAMLA,10.0,TDmin,degC,1.0,42.0
227.0,GAMLA,11.0,WS1mm,m/sec,1.0,6.0
227.0,GAMLA,12.0,Ws10mm,m/sec,1.0,144.0
227.0,GAMLA,13.0,Time,hhmm,1.0,102.0
228.0,BET HAARAVA,1.0,Rain,mm,1.0,1.0
228.0,BET HAARAVA,2.0,WSmax,m/sec,1.0,5.0
228.0,BET HAARAVA,3.0,WDmax,deg,1.0,23.0
228.0,BET HAARAVA,4.0,WS,m/sec,1.0,4.0
228.0,BET HAARAVA,5.0,WD,deg,1.0,22.0
228.0,BET HAARAVA,6.0,STDwd,deg,1.0,3.0
228.0,BET HAARAVA,7.0,TD,degC,1.0,32.0
228.0,BET HAARAVA,8.0,RH,%,1.0,27.0
228.0,BET HAARAVA,9.0,TDmax,degC,1.0,41.0
228.0,BET HAARAVA,10.0,TDmin,degC,1.0,42.0
228.0,BET HAARAVA,11.0,WS1mm,m/sec,1.0,6.0
228.0,BET HAARAVA,12.0,Ws10mm,m/sec,1.0,144.0
228.0,BET HAARAVA,13.0,Time,hhmm,1.0,102.0
232.0,NEOT SMADAR,1.0,Rain,mm,1.0,1.0
232.0,NEOT SMADAR,2.0,WSmax,m/sec,1.0,5.0
232.0,NEOT SMADAR,3.0,WDmax,deg,1.0,23.0
232.0,NEOT SMADAR,4.0,WS,m/sec,1.0,4.0
232.0,NEOT SMADAR,5.0,WD,deg,1.0,22.0
232.0,NEOT SMADAR,6.0,STDwd,deg,1.0,3.0
232.0,NEOT SMADAR,7.0,TD,degC,1.0,32.0
232.0,NEOT SMADAR,8.0,RH,%,1.0,27.0
232.0,NEOT SMADAR,9.0,TDmax,degC,1.0,41.0
232.0,NEOT SMADAR,10.0,TDmin,degC,1.0,42.0
232.0,NEOT SMADAR,11.0,WS1mm,m/sec,1.0,6.0
232.0,NEOT SMADAR,12.0,Ws10mm,m/sec,1.0,144.0
232.0,NEOT SMADAR,13.0,Time,hhmm,1.0,102.0
233.0,KEFAR NAHUM,1.0,Rain,mm,1.0,1.0
233.0,KEFAR NAHUM,2.0,WSmax,m/sec,1.0,5.0
233.0,KEFAR NAHUM,3.0,WDmax,deg,1.0,23.0
233.0,KEFAR NAHUM,4.0,WS,m/sec,1.0,4.0
233.0,KEFAR NAHUM,5.0,WD,deg,1.0,22.0
233.0,KEFAR NAHUM,6.0,STDwd,deg,1.0,3.0
233.0,KEFAR NAHUM,7.0,TD,degC,1.0,32.0
233.0,KEFAR NAHUM,8.0,RH,%,1.0,27.0
233.0,KEFAR NAHUM,9.0,TDmax,degC,1.0,41.0
233.0,KEFAR NAHUM,10.0,TDmin,degC,1.0,42.0
233.0,KEFAR NAHUM,11.0,WS1mm,m/sec,1.0,6.0
233.0,KEFAR NAHUM,12.0,Ws10mm,m/sec,1.0,144.0
233.0,KEFAR NAHUM,13.0,Time,hhmm,1.0,102.0
236.0,GAT,1.0,Rain,mm,1.0,1.0
236.0,GAT,2.0,TD,degC,1.0,32.0
236.0,GAT,3.0,RH,%,1.0,27.0
236.0,GAT,4.0,TDmax,degC,1.0,41.0
236.0,GAT,5.0,TDmin,degC,1.0,42.0
236.0,GAT,6.0,TG,degC,1.0,33.0
238.0,ZEFAT HAR KENAAN_1m,1.0,Rain_1_min,mm,1.0,325.0
239.0,ELON_1m,1.0,Rain_1_min,mm,1.0,325.0
240.0,ARAD_1m,1.0,Rain_1_min,mm,1.0,325.0
241.0,KEFAR GILADI,1.0,Rain,mm,1.0,1.0
241.0,KEFAR GILADI,2.0,WSmax,m/sec,1.0,5.0
241.0,KEFAR GILADI,3.0,WDmax,deg,1.0,23.0
241.0,KEFAR GILADI,4.0,WS,m/sec,1.0,4.0
241.0,KEFAR GILADI,5.0,WD,deg,1.0,22.0
241.0,KEFAR GILADI,6.0,STDwd,deg,1.0,3.0
241.0,KEFAR GILADI,7.0,TD,degC,1.0,32.0
241.0,KEFAR GILADI,8.0,RH,%,1.0,27.0
241.0,KEFAR GILADI,9.0,TDmax,degC,1.0,41.0
241.0,KEFAR GILADI,10.0,TDmin,degC,1.0,42.0
241.0,KEFAR GILADI,11.0,WS1mm,m/sec,1.0,6.0
241.0,KEFAR GILADI,12.0,Ws10mm,m/sec,1.0,144.0
241.0,KEFAR GILADI,13.0,Time,hhmm,1.0,102.0
242.0,ARIEL_1m,1.0,Rain_1_min,mm,1.0,325.0
243.0,ASHDOD PORT_1m,1.0,Rain_1_min,mm,1.0,325.0
244.0,BESOR FARM_1m,1.0,Rain_1_min,mm,1.0,325.0
245.0,DOROT_1m,1.0,Rain_1_min,mm,1.0,325.0
246.0,EN HAHORESH_1m,1.0,Rain_1_min,mm,1.0,325.0
247.0,QARNE SHOMERON_1m,1.0,Rain_1_min,mm,1.0,325.0
248.0,JERUSALEM CENTRE_1m,1.0,Rain_1_min,mm,1.0,325.0
249.0,JERUSALEM GIVAT RAM_1m,1.0,Rain_1_min,mm,1.0,325.0
250.0,SEDOM_1m,1.0,Rain_1_min,mm,1.0,325.0
251.0,SEDE BOQER_1m,1.0,Rain_1_min,mm,1.0,325.0
252.0,NEGBA_1m,1.0,Rain_1_min,mm,1.0,325.0
257.0,TEL YOSEF 20141223,1.0,Rain,mm,1.0,1.0
257.0,TEL YOSEF 20141223,2.0,WSmax,m/sec,1.0,5.0
257.0,TEL YOSEF 20141223,3.0,WDmax,deg,1.0,23.0
257.0,TEL YOSEF 20141223,4.0,WS,m/sec,1.0,4.0
257.0,TEL YOSEF 20141223,5.0,WD,deg,1.0,22.0
257.0,TEL YOSEF 20141223,6.0,STDwd,deg,1.0,3.0
257.0,TEL YOSEF 20141223,7.0,TD,degC,1.0,32.0
257.0,TEL YOSEF 20141223,8.0,RH,%,1.0,27.0
257.0,TEL YOSEF 20141223,9.0,TDmax,degC,1.0,41.0
257.0,TEL YOSEF 20141223,10.0,TDmin,degC,1.0,42.0
257.0,TEL YOSEF 20141223,11.0,WS1mm,m/sec,1.0,6.0
257.0,TEL YOSEF 20141223,12.0,Ws10mm,m/sec,1.0,144.0
257.0,TEL YOSEF 20141223,13.0,Time,hhmm,1.0,102.0
257.0,TEL YOSEF 20141223,16.0,Grad,w/m2,0.0,52.0
259.0,NAHSHON,1.0,Rain,mm,1.0,1.0
259.0,NAHSHON,2.0,WSmax,m/sec,1.0,5.0
259.0,NAHSHON,3.0,WDmax,deg,1.0,23.0
259.0,NAHSHON,4.0,WS,m/sec,1.0,4.0
259.0,NAHSHON,5.0,WD,deg,1.0,22.0
259.0,NAHSHON,6.0,STDwd,deg,1.0,3.0
259.0,NAHSHON,7.0,TD,degC,1.0,32.0
259.0,NAHSHON,8.0,RH,%,1.0,27.0
259.0,NAHSHON,9.0,TDmax,degC,1.0,41.0
259.0,NAHSHON,10.0,TDmin,degC,1.0,42.0
259.0,NAHSHON,11.0,WS1mm,m/sec,1.0,6.0
259.0,NAHSHON,12.0,Ws10mm,m/sec,1.0,144.0
259.0,NAHSHON,13.0,Time,hhmm,1.0,102.0
259.0,NAHSHON,16.0,TG,degC,1.0,33.0
263.0,GALED,1.0,Rain,mm,1.0,1.0
263.0,GALED,2.0,TD,degC,1.0,32.0
263.0,GALED,3.0,RH,%,1.0,27.0
263.0,GALED,4.0,TG,degC,1.0,33.0
263.0,GALED,5.0,TDmax,degC,1.0,41.0
263.0,GALED,6.0,TDmin,degC,1.0,42.0
264.0,MERHAVYA 20170702,1.0,Rain,mm,1.0,1.0
264.0,MERHAVYA 20170702,2.0,TD,degC,1.0,32.0
264.0,MERHAVYA 20170702,3.0,RH,%,1.0,27.0
264.0,MERHAVYA 20170702,4.0,TDmax,degC,1.0,41.0
264.0,MERHAVYA 20170702,5.0,TDmin,degC,1.0,42.0
265.0,MIZPE RAMON 20120927,1.0,Rain,mm,1.0,1.0
265.0,MIZPE RAMON 20120927,2.0,WSmax,m/sec,1.0,5.0
265.0,MIZPE RAMON 20120927,3.0,WDmax,deg,1.0,23.0
265.0,MIZPE RAMON 20120927,4.0,WS,m/sec,1.0,4.0
265.0,MIZPE RAMON 20120927,5.0,WD,deg,1.0,22.0
265.0,MIZPE RAMON 20120927,6.0,STDwd,deg,1.0,3.0
265.0,MIZPE RAMON 20120927,7.0,TD,degC,1.0,32.0
265.0,MIZPE RAMON 20120927,8.0,RH,%,1.0,27.0
265.0,MIZPE RAMON 20120927,9.0,TDmax,degC,1.0,41.0
265.0,MIZPE RAMON 20120927,10.0,TDmin,degC,1.0,42.0
265.0,MIZPE RAMON 20120927,11.0,WS1mm,m/sec,1.0,6.0
265.0,MIZPE RAMON 20120927,12.0,Ws10mm,m/sec,1.0,144.0
265.0,MIZPE RAMON 20120927,13.0,Time,hhmm,1.0,102.0
269.0,HARASHIM,1.0,Rain,mm,1.0,1.0
269.0,HARASHIM,2.0,WSmax,m/sec,0.0,5.0
269.0,HARASHIM,3.0,WDmax,deg,0.0,23.0
269.0,HARASHIM,4.0,WS,m/sec,0.0,4.0
269.0,HARASHIM,5.0,WD,deg,0.0,22.0
269.0,HARASHIM,6.0,STDwd,deg,0.0,3.0
269.0,HARASHIM,7.0,TD,degC,1.0,32.0
269.0,HARASHIM,8.0,RH,%,1.0,27.0
269.0,HARASHIM,9.0,TDmax,degC,1.0,41.0
269.0,HARASHIM,10.0,TDmin,degC,1.0,42.0
269.0,HARASHIM,11.0,WS1mm,m/sec,0.0,6.0
269.0,HARASHIM,12.0,Ws10mm,m/sec,0.0,144.0
269.0,HARASHIM,13.0,Time,hhmm,0.0,102.0
270.0,SHAARE TIQWA 20161205,1.0,Rain,mm,1.0,1.0
270.0,SHAARE TIQWA 20161205,2.0,WSmax,m/sec,1.0,5.0
270.0,SHAARE TIQWA 20161205,3.0,WDmax,deg,1.0,23.0
270.0,SHAARE TIQWA 20161205,4.0,WS,m/sec,1.0,4.0
270.0,SHAARE TIQWA 20161205,5.0,WD,deg,1.0,22.0
270.0,SHAARE TIQWA 20161205,6.0,STDwd,deg,1.0,3.0
270.0,SHAARE TIQWA 20161205,7.0,TD,degC,1.0,32.0
270.0,SHAARE TIQWA 20161205,8.0,RH,%,1.0,27.0
270.0,SHAARE TIQWA 20161205,9.0,TDmax,degC,1.0,41.0
270.0,SHAARE TIQWA 20161205,10.0,TDmin,degC,1.0,42.0
270.0,SHAARE TIQWA 20161205,11.0,WS1mm,m/sec,1.0,6.0
270.0,SHAARE TIQWA 20161205,12.0,Ws10mm,m/sec,1.0,144.0
270.0,SHAARE TIQWA 20161205,13.0,Time,hhmm,1.0,102.0
271.0,AVDAT,1.0,Rain,mm,1.0,1.0
271.0,AVDAT,2.0,WSmax,m/sec,1.0,5.0
271.0,AVDAT,3.0,WDmax,deg,1.0,23.0
271.0,AVDAT,4.0,WS,m/sec,1.0,4.0
271.0,AVDAT,5.0,WD,deg,1.0,22.0
271.0,AVDAT,6.0,STDwd,deg,1.0,3.0
271.0,AVDAT,7.0,TD,degC,1.0,32.0
271.0,AVDAT,8.0,RH,%,1.0,27.0
271.0,AVDAT,9.0,TDmax,degC,1.0,41.0
271.0,AVDAT,10.0,TDmin,degC,1.0,42.0
271.0,AVDAT,11.0,WS1mm,m/sec,1.0,6.0
271.0,AVDAT,12.0,Ws10mm,m/sec,1.0,144.0
271.0,AVDAT,13.0,Time,hhmm,1.0,102.0
274.0,NIZZAN,1.0,Rain,mm,1.0,1.0
274.0,NIZZAN,2.0,WSmax,m/sec,1.0,5.0
274.0,NIZZAN,3.0,WDmax,deg,1.0,23.0
274.0,NIZZAN,4.0,WS,m/sec,1.0,4.0
274.0,NIZZAN,5.0,WD,deg,1.0,22.0
274.0,NIZZAN,6.0,STDwd,deg,1.0,3.0
274.0,NIZZAN,7.0,TD,degC,1.0,32.0
274.0,NIZZAN,8.0,RH,%,1.0,27.0
274.0,NIZZAN,9.0,TDmax,degC,1.0,41.0
274.0,NIZZAN,10.0,TDmin,degC,1.0,42.0
274.0,NIZZAN,11.0,WS1mm,m/sec,1.0,6.0
274.0,NIZZAN,12.0,Ws10mm,m/sec,1.0,144.0
274.0,NIZZAN,13.0,Time,hhmm,1.0,102.0
275.0,HAKFAR HAYAROK,9.0,Rain,mm,1.0,1.0
275.0,HAKFAR HAYAROK,12.0,TD,degC,1.0,32.0
275.0,HAKFAR HAYAROK,13.0,RH,%,1.0,27.0
276.0,GILGAL_1m,1.0,Rain_1_min,mm,1.0,325.0
277.0,ITAMAR_1m,1.0,Rain_1_min,mm,1.0,325.0
278.0,HAR HARASHA_1m,1.0,Rain_1_min,mm,1.0,325.0
279.0,BET HAARAVA_1m,1.0,Rain_1_min,mm,1.0,325.0
280.0,MAALE ADUMMIM_1m,1.0,Rain_1_min,mm,1.0,325.0
281.0,ZOVA_1m,1.0,Rain_1_min,mm,1.0,325.0
282.0,NAHSHON_1m,1.0,Rain_1_min,mm,1.0,325.0
283.0,HAFEZ HAYYIM_1m,1.0,Rain_1_min,mm,1.0,325.0
284.0,QEVUZAT YAVNE_1m,1.0,Rain_1_min,mm,1.0,325.0
285.0,GAT_1m,1.0,Rain_1_min,mm,1.0,325.0
286.0,ROSH ZURIM_1m,1.0,Rain_1_min,mm,1.0,325.0
287.0,NETIV HALAMED HE_1m,1.0,Rain_1_min,mm,1.0,325.0
288.0,BEIT JIMAL_1m,1.0,Rain_1_min,mm,1.0,325.0
289.0,METZOKE DRAGOT_1m,1.0,Rain_1_min,mm,1.0,325.0
290.0,EN GEDI_1m,1.0,Rain_1_min,mm,1.0,325.0
291.0,ASHQELON PORT_1m,1.0,Rain_1_min,mm,1.0,325.0
292.0,SHANI_1m,1.0,Rain_1_min,mm,0.0,325.0
293.0,BEER SHEVA_1m,1.0,Rain_1_min,mm,0.0,325.0
294.0,ZOMET HANEGEV_1m,1.0,Rain_1_min,mm,0.0,325.0
295.0,HAZEVA_1m,1.0,Rain_1_min,mm,1.0,325.0
296.0,MIZPE RAMON_1m,1.0,Rain_1_min,mm,1.0,325.0
297.0,PARAN_1m,1.0,Rain_1_min,mm,1.0,325.0
298.0,HARASHIM_1m,1.0,Rain_1_min,mm,1.0,325.0
299.0,TEL AVIV COAST_1m,1.0,Rain_1_min,mm,1.0,325.0
300.0,AVNE ETAN_1m,1.0,Rain_1_min,mm,0.0,325.0
301.0,BET ZAYDA_1m,1.0,Rain_1_min,mm,0.0,325.0
302.0,ZEMAH_1m,1.0,Rain_1_min,mm,0.0,325.0
303.0,MEROM GOLAN PICMAN_1m,1.0,Rain_1_min,mm,0.0,325.0
304.0,YAVNEEL_1m,1.0,Rain_1_min,mm,0.0,325.0
305.0,TAVOR KADOORIE_1m,1.0,Rain_1_min,mm,0.0,325.0
306.0,AFULA NIR HAEMEQ_1m,1.0,Rain_1_min,mm,0.0,325.0
307.0,EDEN FARM_1m,1.0,Rain_1_min,mm,0.0,325.0
309.0,YOTVATA_1m,1.0,Rain_1_min,mm,0.0,325.0
310.0,HAIFA REFINERIES_1m,1.0,Rain_1_min,mm,0.0,325.0
311.0,HAIFA UNIVERSITY_1m,1.0,Rain_1_min,mm,0.0,325.0
312.0,HAIFA TECHNION_1m,1.0,Rain_1_min,mm,0.0,325.0
313.0,EN KARMEL_1m,1.0,Rain_1_min,mm,0.0,325.0
314.0,ZIKHRON YAAQOV_1m,1.0,Rain_1_min,mm,0.0,325.0
315.0,HADERA PORT_1m,1.0,Rain_1_min,mm,0.0,325.0
316.0,ELAT_1m,1.0,Rain_1_min,mm,0.0,325.0
317.0,EN HASHOFET_1m,1.0,Rain_1_min,mm,0.0,325.0
318.0,AFEQ_1m,1.0,Rain_1_min,mm,0.0,325.0
319.0,DEIR HANNA_1m,1.0,Rain_1_min,mm,0.0,325.0
320.0,ROSH HANIQRA_1m,1.0,Rain_1_min,mm,0.0,325.0
321.0,LEV KINERET IOLR_1m,1.0,Rain_1_min,mm,0.0,325.0
322.0,AMMIAD_1m,1.0,Rain_1_min,mm,0.0,325.0
323.0,NEWE YAAR_1m,1.0,Rain_1_min,mm,0.0,325.0
324.0,KEFAR BLUM_1m,1.0,Rain_1_min,mm,0.0,325.0
325.0,ESHHAR_1m,1.0,Rain_1_min,mm,0.0,325.0
327.0,GAMLA_1m,1.0,Rain_1_min,mm,0.0,325.0
328.0,MAALE GILBOA_1m,1.0,Rain_1_min,mm,0.0,325.0
329.0,NEOT SMADAR_1m,1.0,Rain_1_min,mm,0.0,325.0
330.0,KEFAR NAHUM_1m,1.0,Rain_1_min,mm,0.0,325.0
331.0,TEL YOSEF_1m,1.0,Rain_1_min,mm,0.0,325.0
332.0,GALED_1m,1.0,Rain_1_min,mm,1.0,325.0
333.0,MERHAVYA_1m 20170702,1.0,Rain_1_min,mm,1.0,325.0
334.0,SHAARE TIQWA_1m 20161205,1.0,Rain_1_min,mm,1.0,325.0
335.0,AVDAT_1m,1.0,Rain_1_min,mm,1.0,325.0
336.0,NIZZAN_1m,1.0,Rain_1_min,mm,1.0,325.0
338.0,EZUZ,1.0,Rain,mm,1.0,1.0
338.0,EZUZ,2.0,WSmax,m/sec,1.0,5.0
338.0,EZUZ,3.0,WDmax,deg,1.0,23.0
338.0,EZUZ,4.0,WS,m/sec,1.0,4.0
338.0,EZUZ,5.0,WD,deg,1.0,22.0
338.0,EZUZ,6.0,STDwd,deg,1.0,3.0
338.0,EZUZ,7.0,TD,degC,1.0,32.0
338.0,EZUZ,8.0,RH,%,1.0,27.0
338.0,EZUZ,9.0,TDmax,degC,1.0,41.0
338.0,EZUZ,10.0,TDmin,degC,1.0,42.0
338.0,EZUZ,11.0,WS1mm,m/sec,1.0,6.0
338.0,EZUZ,12.0,Ws10mm,m/sec,1.0,144.0
338.0,EZUZ,13.0,Time,hhmm,1.0,102.0
343.0,SHAVE ZIYYON,1.0,Rain,mm,1.0,1.0
343.0,SHAVE ZIYYON,2.0,WSmax,m/sec,1.0,5.0
343.0,SHAVE ZIYYON,3.0,WDmax,deg,1.0,23.0
343.0,SHAVE ZIYYON,4.0,WS,m/sec,1.0,4.0
343.0,SHAVE ZIYYON,5.0,WD,deg,1.0,22.0
343.0,SHAVE ZIYYON,6.0,STDwd,deg,1.0,3.0
343.0,SHAVE ZIYYON,7.0,TD,degC,1.0,32.0
343.0,SHAVE ZIYYON,8.0,RH,%,1.0,27.0
343.0,SHAVE ZIYYON,9.0,TDmax,degC,1.0,41.0
343.0,SHAVE ZIYYON,10.0,TDmin,degC,1.0,42.0
343.0,SHAVE ZIYYON,11.0,WS1mm,m/sec,1.0,6.0
343.0,SHAVE ZIYYON,12.0,Ws10mm,m/sec,1.0,144.0
343.0,SHAVE ZIYYON,13.0,Time,hhmm,1.0,102.0
344.0,EZUZ_1m,1.0,Rain_1_min,mm,1.0,325.0
345.0,SHAVE ZIYYON_1m,1.0,Rain_1_min,mm,1.0,325.0
346.0,KEFAR GILADI_1m,1.0,Rain_1_min,mm,0.0,325.0
348.0,DAFNA,1.0,Rain,mm,1.0,1.0
348.0,DAFNA,2.0,WSmax,m/sec,1.0,5.0
348.0,DAFNA,3.0,WDmax,deg,1.0,23.0
348.0,DAFNA,4.0,WS,m/sec,1.0,4.0
348.0,DAFNA,5.0,WD,deg,1.0,22.0
348.0,DAFNA,6.0,STDwd,deg,1.0,3.0
348.0,DAFNA,7.0,TD,degC,1.0,32.0
348.0,DAFNA,8.0,RH,%,1.0,27.0
348.0,DAFNA,9.0,TDmax,degC,1.0,41.0
348.0,DAFNA,10.0,TDmin,degC,1.0,42.0
348.0,DAFNA,11.0,WS1mm,m/sec,1.0,6.0
348.0,DAFNA,12.0,Ws10mm,m/sec,1.0,144.0
348.0,DAFNA,13.0,Time,hhmm,1.0,102.0
348.0,DAFNA,16.0,TG,degC,0.0,33.0
349.0,NEVATIM,1.0,Rain,mm,1.0,1.0
349.0,NEVATIM,2.0,WSmax,m/sec,1.0,5.0
349.0,NEVATIM,3.0,WDmax,deg,1.0,23.0
349.0,NEVATIM,4.0,WS,m/sec,1.0,4.0
349.0,NEVATIM,5.0,WD,deg,1.0,22.0
349.0,NEVATIM,6.0,STDwd,deg,1.0,3.0
349.0,NEVATIM,7.0,TD,degC,1.0,32.0
349.0,NEVATIM,8.0,RH,%,1.0,27.0
349.0,NEVATIM,9.0,TDmax,degC,1.0,41.0
349.0,NEVATIM,10.0,TDmin,degC,1.0,42.0
349.0,NEVATIM,11.0,WS1mm,m/sec,1.0,6.0
349.0,NEVATIM,12.0,Ws10mm,m/sec,1.0,144.0
349.0,NEVATIM,13.0,Time,hhmm,1.0,102.0
350.0,LAHAV,1.0,Rain,mm,1.0,1.0
350.0,LAHAV,2.0,TD,degC,1.0,32.0
350.0,LAHAV,3.0,RH,%,1.0,27.0
350.0,LAHAV,4.0,TG,degC,1.0,33.0
350.0,LAHAV,5.0,TDmax,degC,1.0,41.0
350.0,LAHAV,6.0,TDmin,degC,1.0,42.0
351.0,LAHAV_1m,1.0,Rain_1_min,mm,1.0,325.0
352.0,DAFNA_1m,1.0,Rain_1_min,mm,0.0,325.0
353.0,AYYELET HASHAHAR,1.0,Rain,mm,1.0,1.0
353.0,AYYELET HASHAHAR,2.0,TD,degC,1.0,32.0
353.0,AYYELET HASHAHAR,3.0,RH,%,1.0,27.0
353.0,AYYELET HASHAHAR,4.0,TG,degC,1.0,33.0
353.0,AYYELET HASHAHAR,5.0,TDmax,degC,1.0,41.0
353.0,AYYELET HASHAHAR,6.0,TDmin,degC,1.0,42.0
354.0,AYYELEY HASHAHAR_1m,1.0,Rain_1_min,mm,0.0,325.0
355.0,MASSADA,1.0,Rain,mm,1.0,1.0
355.0,MASSADA,2.0,TD,degC,1.0,32.0
355.0,MASSADA,3.0,RH,%,1.0,27.0
355.0,MASSADA,4.0,TG,degC,1.0,33.0
355.0,MASSADA,5.0,TDmax,degC,1.0,41.0
355.0,MASSADA,6.0,TDmin,degC,1.0,42.0
366.0,SEDE ELIYYAHU,1.0,Rain,mm,1.0,1.0
366.0,SEDE ELIYYAHU,2.0,TD,degC,1.0,32.0
366.0,SEDE ELIYYAHU,3.0,RH,%,1.0,27.0
366.0,SEDE ELIYYAHU,4.0,TDmax,degC,1.0,41.0
366.0,SEDE ELIYYAHU,5.0,TDmin,degC,1.0,42.0
366.0,SEDE ELIYYAHU,6.0,TG,degC,1.0,33.0
367.0,SEDE ELIYYAHU_1m,1.0,Rain_1_min,mm,0.0,325.0
370.0,NEVATIM_1m,1.0,Rain_1_min,mm,0.0,325.0
373.0,MASSADA_1m,1.0,Rain_1_min,mm,1.0,325.0
